Station,"Pressure (mb)
Station Level Sea Level",Column3,Column4,"Temperature (Â°C)
Mean Maximum Minimum",Column6,"Vapour (mb)
Pressure","Precipitation
Total (mm) Days",Column9,SheetName,Column5,"Vapor (mb)
Pressure"
Drosh,857.9,1539.1,3.4,7.8,-1.1,4.5,85.1,10.0,jan 23,,
,858.4,1535.3,4.6,9.2,0.1,4.3,48.6,6.1,jan 23,,
Peshawar,981.6,1020.9,11.2,18.5,3.8,7.6,10.9,1.0,jan 23,,
,975.8,1018.3,11.3,18.5,4.1,7.9,30.8,4.4,jan 23,,
Parachinar,829.9,1532.4,2.6,10.6,-5.5,4.1,40.7,6.0,jan 23,,
,828.3,1514.7,4.0,10.2,-3.0,4.1,47.6,2.9,jan 23,,
Rawalpindi,960.3,1020.2,10.7,16.4,4.8,7.8,43.3,4.0,jan 23,,
,958.5,1018.2,10.4,17.6,3.1,7.9,59.2,6.2,jan 23,,
Sargodha,996.4,1018.7,11.6,18.3,4.9,9.4,14.1,2.0,jan 23,,
,995.6,1017.4,12.1,19.9,4.3,9.4,16.8,4.1,jan 23,,
Jhelum,990.3,1018.3,10.9,17.5,4.2,9.9,43.5,3.0,jan 23,,
,989.7,1017.6,12.8,19.3,5.5,9.4,37.4,5.7,jan 23,,
Sialkot,988.5,1019.0,10.3,15.3,5.4,10.6,36.7,8.0,jan 23,,
,987.2,1017.5,11.6,18.2,5.1,10.1,41.8,5.0,jan 23,,
Zhob,860.9,1509.4,4.7,11.6,-2.2,4.0,7.0,2.0,jan 23,,
,860.1,1500.5,5.9,12.8,-1.0,4.7,20.0,1.7,jan 23,,
D.I.Khan,998.2,1018.8,13.0,20.7,5.3,8.7,1.0,1.0,jan 23,,
,996.8,1017.3,12.4,20.1,4.4,8.8,11.4,3.5,jan 23,,
Lahore,993.5,1019.2,12.0,17.3,6.8,10.0,8.3,3.0,jan 23,,
,991.9,1017.4,13.2,19.6,6.7,9.7,22.9,4.8,jan 23,,
Quetta,845.8,1549.3,2.6,8.2,-3.0,4.1,51.0,8.0,jan 23,,
,842.8,1519.0,4.1,10.8,-2.7,5.0,64.0,5.9,jan 23,,
Multan,1004.1,1018.9,12.1,19.2,5.0,8.7,2.2,1.0,jan 23,,
,1003.1,1018.0,12.9,20.9,5.0,9.3,8.2,2.0,jan 23,,
Barkhan,893.2,1507.3,9.4,16.1,2.7,3.2,3.0,1.0,jan 23,,
,893.2,1508.0,10.2,16.2,4.1,5.2,13.9,1.3,jan 23,,
Nokkundi,941.5,1021.2,8.1,15.5,0.7,3.5,0.3,0.0,jan 23,,
,938.5,1017.8,11.4,18.8,3.9,6.2,8.4,0.6,jan 23,,
Dalbandin,925.1,1536.0,6.6,14.4,-1.3,5.0,3.2,2.0,jan 23,,
,921.6,1513.8,9.8,16.6,1.9,6.0,24.9,1.0,jan 23,,
Jacobabad,1012.3,1019.0,14.1,20.5,7.6,9.6,4.0,1.0,jan 23,,
,1010.8,1017.4,15.1,22.5,7.7,9.2,3.6,0.5,jan 23,,
Khanpur,1007.9,1018.6,12.6,21.1,4.1,9.4,5.9,1.0,jan 23,,
,1006.5,1017.3,13.2,21.7,4.7,9.2,3.8,1.1,jan 23,,
Panjgur,909.2,1531.2,7.4,14.1,0.7,5.7,8.0,3.0,jan 23,,
,906.9,1516.7,10.6,17.3,3.9,3.8,15.8,1.6,jan 23,,
Khuzdar,882.1,1538.9,9.9,15.9,3.9,5.6,4.6,1.0,jan 23,,
,877.9,1496.8,10.7,17.1,3.2,2.8,22.1,1.4,jan 23,,
Nawabshah,1015.3,1018.7,15.1,22.7,7.4,10.1,0.0,0.0,jan 23,,
,1013.8,1017.7,15.3,24.3,6.2,10.6,2.5,0.1,jan 23,,
Jiwani,1012.5,1019.2,15.6,22.7,8.5,7.7,22.0,2.0,jan 23,,
,1010.4,1016.9,19.0,24.1,13.9,13.1,22.0,1.5,jan 23,,
Pasni,1018.5,1019.1,17.7,24.0,11.3,9.0,17.0,1.0,jan 23,,
,1015.1,1015.9,18.3,25.1,12.1,12.3,23.8,1.4,jan 23,,
Hyderabad,1012.8,1017.9,16.8,22.9,10.6,8.2,0.0,0.0,jan 23,,
,1018.4,1016.9,18.1,24.8,11.4,10.1,2.0,0.5,jan 23,,
Chhor,1016.7,1017.4,15.7,26.3,5.0,8.6,0.0,0.0,jan 23,,
,1015.4,1016.0,16.2,26.6,5.7,9.0,1.1,0.3,jan 23,,
Karachi,1015.1,1017.8,18.1,25.5,10.6,7.0,0.0,0.0,jan 23,,
,1013.9,1016.8,18.1,25.9,10.8,10.6,10.8,0.7,jan 23,,
Drosh,857.5,1536.0,7.2,12.4,1.9,5.4,53.2,6.0,feb 23,,
,856.9,1521.9,5.8,10.7,1.0,4.6,74.4,7.4,feb 23,,
Peshawar,978.6,1017.0,16.5,24.2,8.7,10.0,16.3,3.0,feb 23,,
,973.8,1016.0,13.1,19.8,6.3,8.7,47.1,6.4,feb 23,,
Parachinar,830.6,1535.3,7.1,15.4,-1.2,5.4,36.0,4.0,feb 23,,
,827.2,1506.5,4.7,10.9,-1.8,4.6,76.5,5.6,feb 23,,
Rawalpindi,957.8,1016.4,15.8,22.3,9.2,9.0,5.5,3.0,feb 23,,
,956.4,1015.7,12.3,19.2,5.4,8.6,79.7,7.1,feb 23,,
Sargodha,992.9,1014.5,18.8,26.8,10.7,12.0,4.0,1.0,feb 23,,
,993.4,1015.0,14.8,22.4,7.1,10.4,24.5,5.5,feb 23,,
Jhelum,986.9,1014.2,17.2,25.6,8.7,11.4,5.2,2.0,feb 23,,
,987.5,1015.1,14.7,21.5,7.9,10.1,52.8,6.3,feb 23,,
Sialkot,985.2,1015.0,16.8,24.3,9.3,12.6,0.0,0.0,feb 23,,
,985.2,1015.1,14.0,20.7,7.4,10.9,48.5,5.7,feb 23,,
Zhob,859.1,1494.7,12.8,21.7,3.8,3.9,0.0,0.0,feb 23,,
,858.6,1487.3,8.0,14.6,1.5,5.2,25.0,2.4,feb 23,,
D.I.Khan,994.6,1014.6,19.2,27.2,11.1,13.1,0.0,0.0,feb 23,,
,994.7,1015.0,14.8,22.2,7.3,9.7,15.0,4.1,feb 23,,
Lahore,989.9,1014.9,19.1,25.9,12.2,12.2,0.7,0.0,feb 23,,
,989.7,1014.9,15.7,22.1,9.4,10.5,30.3,5.3,feb 23,,
Quetta,844.8,1538.3,11.3,19.1,3.4,4.3,0.0,0.0,feb 23,,
,841.5,1507.6,6.2,12.8,-0.9,5.7,49.5,6.6,feb 23,,
Multan,1000.1,1014.5,19.0,26.8,11.1,12.3,0.0,0.0,feb 23,,
,1000.6,1015.2,15.5,23.3,7.8,10.3,11.1,2.9,feb 23,,
Barkhan,892.1,1507.5,16.9,24.5,9.2,4.6,0.0,0.0,feb 23,,
,891.7,1496.8,12.0,17.9,6.4,5.8,21.2,1.9,feb 23,,
Nokkundi,935.5,1011.7,19.2,27.5,10.9,5.0,0.0,0.0,feb 23,,
,937.1,1015.0,14.1,21.6,6.2,6.5,7.6,1.0,feb 23,,
Dalbandin,920.1,1518.5,17.9,27.1,8.6,5.4,0.0,0.0,feb 23,,
,919.7,1504.3,12.3,20.4,4.6,6.1,16.3,1.5,feb 23,,
Jacobabad,1007.9,1014.4,21.0,28.0,13.8,14.0,0.0,0.0,feb 23,,
,1008.1,1014.6,17.8,25.2,10.3,10.0,6.9,0.7,feb 23,,
Khanpur,1003.8,1014.2,20.1,29.0,11.2,13.7,0.0,0.0,feb 23,,
,1004.1,1014.5,15.8,24.2,7.4,10.1,5.3,1.4,feb 23,,
Panjgur,906.0,1523.7,18.3,27.1,9.4,10.4,0.0,0.0,feb 23,,
,905.6,1507.7,12.7,19.6,5.7,4.2,16.5,1.5,feb 23,,
Khuzdar,879.3,1520.3,18.3,24.7,11.9,5.3,0.0,0.0,feb 23,,
,877.3,1487.0,12.0,18.8,5.2,3.0,29.9,1.7,feb 23,,
Nawabshah,1010.8,1014.2,22.6,31.5,13.7,15.4,0.0,0.0,feb 23,,
,1011.3,1015.0,17.8,27.2,8.4,11.9,3.3,0.2,feb 23,,
Jiwani,1008.8,1015.4,21.2,27.8,14.5,18.0,0.0,0.0,feb 23,,
,1008.6,1015.1,20.0,25.1,14.9,14.8,31.0,0.9,feb 23,,
Pasni,1014.7,1015.3,21.9,29.4,14.3,17.0,0.0,0.0,feb 23,,
,1013.4,1014.2,19.6,26.5,13.4,13.4,21.5,0.6,feb 23,,
Hyderabad,1008.8,1013.8,23.9,32.1,15.7,13.6,0.0,0.0,feb 23,,
,1010.4,1014.5,20.7,27.7,13.7,11.0,4.3,0.9,feb 23,,
Chhor,1013.1,1013.8,22.7,33.2,12.2,15.4,0.0,0.0,feb 23,,
,1013.2,1013.8,19.0,29.3,8.5,10.4,3.6,0.3,feb 23,,
Karachi,1011.8,1014.5,23.3,31.1,15.4,16.6,0.0,0.0,feb 23,,
,1012.1,1014.8,20.4,27.9,13.0,12.2,10.4,1.0,feb 23,,
Drosh,855.0,1512.7,,14.3,8.5,7.2,16.4,7.0,march 23,20.1,
,855.5,1509.1,,10.3,4.7,6.1,115.6,12.5,march 23,15.9,
Peshawar,976.5,1014.3,,20.1,13.3,14.2,60.7,5.0,march 23,26.8,
,971.3,1012.7,,17.1,11.0,11.6,83.3,10.4,march 23,23.7,
Parachinar,832.4,1551.6,,9.6,2.7,7.3,142.0,17.0,march 23,16.4,
,827.3,1501.3,,9.2,2.8,6.1,136.6,12.4,march 23,14.9,
Rawalpindi,956.4,1014.3,,19.2,13.5,11.8,85.0,11.0,march 23,24.9,
,954.2,1012.3,,16.8,10.1,10.8,97.1,10.6,march 23,23.7,
Sargodha,991.4,1012.6,,22.0,15.6,16.5,72.5,5.0,march 23,28.3,
,990.5,1012.1,,19.8,12.5,13.2,32.4,8.4,march 23,27.2,
Jhelum,985.4,1012.4,,20.8,13.6,16.1,68.9,10.0,march 23,27.9,
,984.5,1011.6,,18.8,12.5,12.5,68.8,9.2,march 23,26.3,
Sialkot,983.9,1013.2,,20.6,14.2,16.3,44.8,4.0,march 23,26.9,
,982.5,1011.9,,18.5,11.9,13.3,53.4,7.3,march 23,25.4,
Zhob,858.0,1483.7,,14.8,7.8,8.4,122.0,9.0,march 23,21.8,
,857.6,1478.9,,13.6,7.0,6.8,47.6,4.9,march 23,20.2,
D.I.Khan,992.7,1012.5,,22.1,15.6,17.2,82.0,7.0,march 23,28.6,
,991.7,1011.2,,19.6,12.7,13.1,37.4,7.4,march 23,26.5,
Lahore,988.4,1013.0,,22.2,16.4,16.6,62.1,4.0,march 23,27.9,
,986.7,1011.4,,20.5,14.2,13.2,38.4,7.4,march 23,26.9,
Quetta,843.0,1519.3,,14.2,8.3,7.2,80.0,10.0,march 23,20.0,
,841.0,1500.7,,11.1,3.6,7.2,61.7,7.3,march 23,18.1,
Multan,998.1,1012.3,,22.6,16.4,16.8,65.0,7.0,march 23,28.7,
,997.3,1011.7,,20.6,13.4,13.3,16.6,3.3,march 23,28.2,
Barkhan,890.8,1496.8,,18.2,12.5,9.7,131.0,9.0,march 23,23.9,
,891.4,1490.9,,17.1,11.1,7.7,31.4,3.3,march 23,23.3,
Nokkundi,932.9,1008.1,,22.8,15.7,7.6,6.8,4.0,march 23,29.9,
,934.8,1011.2,,19.1,11.9,8.6,7.3,1.0,march 23,26.9,
Dalbandin,917.9,1502.7,,20.7,12.9,8.9,13.7,6.0,march 23,28.4,
,917.8,1499.9,,17.8,9.1,7.4,12.4,1.5,march 23,25.7,
Jacobabad,1005.5,1011.9,,24.6,18.3,17.9,39.0,5.0,march 23,31.0,
,1004.6,1010.9,,23.5,16.2,12.6,10.6,1.0,march 23,30.9,
Khanpur,1001.8,1012.1,,24.0,16.5,17.9,19.6,4.0,march 23,31.5,
,1000.7,1011.0,,21.1,12.6,13.1,3.6,1.8,march 23,29.7,
Panjgur,902.8,1496.2,,20.6,14.1,9.7,35.0,5.0,march 23,27.1,
,904.1,1503.3,,17.9,10.9,5.3,17.7,1.4,march 23,25.0,
Khuzdar,878.9,1517.3,,19.8,13.6,6.7,89.6,9.0,march 23,25.8,
,875.6,1482.0,,16.9,10.4,3.6,26.0,1.7,march 23,23.5,
Nawabshah,1008.0,1011.3,,26.4,18.6,17.4,2.3,1.0,march 23,34.2,
,1007.6,1011.4,,23.5,13.9,15.3,2.4,0.1,march 23,33.0,
Jiwani,1005.9,1012.4,,23.2,16.9,20.7,9.0,1.0,march 23,29.4,
,1005.9,1012.4,,23.2,18.3,18.6,15.4,0.9,march 23,28.2,
Pasni,1011.8,1012.3,,23.6,16.7,22.6,52.0,2.0,march 23,30.5,
,1011.1,1012.6,,22.7,16.6,16.5,21.0,0.8,march 23,29.8,
Hyderabad,1006.3,1011.2,,27.0,20.4,15.3,1.0,1.0,march 23,33.6,
,1007.0,1011.0,,25.9,18.5,13.4,2.5,0.3,march 23,33.4,
Chhor,1010.2,1010.9,,26.8,18.0,17.0,0.0,0.0,march 23,35.6,
,1009.7,1010.3,,24.4,14.2,13.5,0.8,0.2,march 23,34.6,
Karachi,1009.1,1011.8,,27.1,20.9,18.3,5.7,1.0,march 23,33.2,
,1009.2,1011.9,,24.7,17.7,17.0,6.6,0.8,march 23,31.7,
Drosh,852.6,1490.3,,16.2,10.2,,80.6,9.0,april 23,22.2,8.7
,853.6,1496.3,,17.2,10.7,,99.2,12.0,april 23,23.6,7.9
Peshawar,973.0,1010.2,,24.3,17.2,,25.3,8.0,april 23,31.3,16.3
,967.4,1007.7,,23.6,16.5,,50.4,9.3,april 23,30.6,15.2
Parachinar,830.2,1527.7,,12.5,5.9,,86.5,9.0,april 23,18.9,9.3
,826.5,1487.3,,14.9,8.5,,96.5,13.5,april 23,21.3,8.5
Rawalpindi,953.3,1010.1,,23.4,17.2,,42.0,8.0,april 23,29.6,12.5
,950.6,1007.3,,22.5,15.4,,63.1,9.2,april 23,30.2,13.4
Sargodha,987.6,1008.4,,26.3,19.1,,43.5,7.0,april 23,33.6,16.7
,986.0,1006.9,,26.3,18.4,,29.6,6.9,april 23,34.2,15.8
Jhelum,981.8,1008.2,,25.6,17.5,,44.2,5.0,april 23,33.6,16.5
,980.3,1006.8,,25.4,17.8,,36.0,8.0,april 23,33.0,15.1
Sialkot,980.2,1009.1,,24.7,17.3,,45.5,5.0,april 23,32.0,16.3
,978.0,1006.5,,24.8,17.2,,33.0,6.1,april 23,32.4,15.0
Zhob,856.9,1474.6,,19.8,13.0,,12.0,2.0,april 23,26.5,8.3
,856.3,1468.5,,20.2,13.2,,31.2,3.1,april 23,27.2,8.2
D.I.Khan,988.6,1008.0,,26.8,19.3,,22.0,3.0,april 23,34.2,18.9
,987.0,1006.5,,25.9,18.5,,24.1,5.6,april 23,33.5,15.8
Lahore,984.5,1008.7,,26.6,19.8,,67.8,4.0,april 23,33.4,15.2
,982.3,1006.3,,27.0,20.0,,22.3,6.3,april 23,34.0,14.8
Quetta,841.8,1506.5,,18.2,11.4,,9.0,4.0,april 23,24.9,6.1
,839.9,1487.3,,17.0,8.6,,22.2,3.9,april 23,25.3,8.8
Multan,994.1,1008.1,,27.2,20.6,,34.7,5.0,april 23,33.9,16.5
,992.4,1006.3,,28.1,19.5,,14.6,4.0,april 23,35.6,15.6
Barkhan,889.2,1485.7,,21.3,14.7,,41.0,7.0,april 23,27.8,9.9
,887.3,1480.0,,23.5,17.0,,37.3,3.3,april 23,29.6,9.3
Nokkundi,930.3,1004.2,,27.2,20.1,,4.0,1.0,april 23,34.3,5.9
,931.8,1008.3,,25.8,18.6,,2.3,0.5,april 23,34.2,10.5
Dalbandin,915.4,1492.4,,25.3,17.1,,0.0,0.0,april 23,33.5,7.5
,914.9,1488.8,,24.4,14.3,,5.7,1.0,april 23,31.9,8.0
Jacobabad,1001.4,1007.7,,29.8,22.1,,37.0,3.0,april 23,37.5,15.6
,999.4,1005.6,,30.2,22.3,,2.1,0.7,april 23,38.2,15.2
Khanpur,998.0,1008.0,,28.4,20.0,,12.1,2.0,april 23,36.7,17.0
,995.7,1005.8,,27.7,18.4,,3.1,1.1,april 23,37.1,15.3
Panjgur,900.3,1479.7,,24.8,18.1,,24.0,2.0,april 23,31.6,10.2
,901.8,1493.4,,24.0,16.4,,8.6,0.9,april 23,31.5,6.4
Khuzdar,877.0,1502.5,,23.5,17.1,,8.7,3.0,april 23,29.9,5.3
,873.9,1470.7,,22.8,16.1,,17.1,1.7,april 23,29.9,4.1
Nawabshah,1004.1,1007.4,,29.9,21.3,,0.0,0.0,april 23,38.5,18.0
,1002.7,1007.3,,29.5,19.5,,2.6,0.2,april 23,39.6,19.7
Jiwani,1003.0,1009.4,,25.6,19.7,,1.0,1.0,april 23,31.4,22.9
,1002.2,1008.5,,26.7,21.9,,4.6,0.2,april 23,31.9,22.7
Pasni,1008.9,1009.4,,26.0,19.5,,0.0,0.0,april 23,32.5,24.1
,1007.4,1008.1,,26.2,20.8,,1.2,0.1,april 23,33.0,21.8
Hyderabad,1002.9,1007.7,,30.0,22.7,,2.0,1.0,april 23,37.2,16.6
,1002.6,1006.6,,31.0,23.0,,5.1,0.4,april 23,38.8,17.7
Chhor,1006.9,1007.6,,29.9,21.2,,1.1,1.0,april 23,38.5,20.1
,1005.5,1006.1,,29.9,20.2,,1.6,0.3,april 23,39.6,17.3
Karachi,1006.2,1008.9,,29.4,24.3,,2.2,1.0,april 23,34.5,23.3
,1005.3,1008.0,,28.5,22.5,,3.2,0.2,april 23,34.5,22.2
Drosh,850.9,1473.2,,20.7,13.9,10.0,34.3,7.0,may 23,27.4,
,852.0,1472.7,,22.5,15.4,9.1,67.0,10.2,may 23,29.4,
Peshawar,969.9,1006.5,,27.7,21.0,18.2,27.0,2.0,may 23,34.3,
,962.7,1002.0,,29.1,21.5,16.1,23.8,7.2,may 23,36.6,
Parachinar,828.3,1505.8,,16.8,9.6,10.8,41.0,6.0,may 23,23.9,
,827.0,1466.1,,19.7,12.9,9.6,73.5,11.9,may 23,26.6,
Rawalpindi,950.7,1006.8,,26.6,20.7,13.5,26.4,9.0,may 23,32.5,
,946.6,1002.2,,27.5,20.1,14.5,34.1,8.3,may 23,35.6,
Sargodha,984.6,1005.1,,29.4,22.8,20.8,53.2,9.0,may 23,36.0,
,981.3,1001.8,,31.5,23.5,17.3,19.1,6.1,may 23,39.7,
Jhelum,978.8,1004.9,,28.5,21.1,18.5,62.8,8.0,may 23,35.9,
,975.4,1001.5,,30.5,22.6,16.0,27.3,7.0,may 23,38.4,
Sialkot,977.4,1005.9,,27.7,20.5,18.0,51.1,6.0,may 23,34.8,
,973.8,1001.8,,30.0,22.1,15.8,25.7,5.8,may 23,37.9,
Zhob,855.7,1463.6,,24.6,17.5,8.9,57.0,5.0,may 23,31.7,
,853.8,1433.8,,25.5,18.2,9.4,16.9,1.7,may 23,32.8,
D.I.Khan,985.5,1004.7,,30.3,23.3,21.9,36.0,4.0,may 23,37.3,
,982.4,1001.0,,31.2,23.4,17.7,17.0,3.4,may 23,39.0,
Lahore,981.8,1005.7,,29.4,23.1,19.1,43.7,6.0,may 23,35.7,
,977.6,1001.2,,31.7,24.5,16.7,20.8,5.7,may 23,38.9,
Quetta,840.7,1492.8,,23.3,16.3,6.1,13.0,3.0,may 23,30.3,
,837.8,1466.3,,21.6,12.4,9.9,5.5,2.8,may 23,30.8,
Multan,990.9,1004.6,,30.5,24.1,20.8,72.5,6.0,may 23,36.8,
,987.4,1000.9,,32.8,24.8,17.9,11.5,2.5,may 23,40.8,
Barkhan,887.5,1474.8,,26.1,19.4,11.4,96.0,6.0,may 23,32.8,
,885.4,1459.3,,28.7,22.1,11.4,20.3,2.4,may 23,35.1,
Nokkundi,928.3,1001.0,,32.7,25.2,6.0,0.0,0.0,may 23,40.2,
,928.6,1001.4,,31.2,24.0,11.5,0.3,0.2,may 23,39.4,
Dalbandin,913.1,1482.3,,31.5,23.8,10.3,2.0,2.0,may 23,39.2,
,912.1,1473.0,,29.6,19.2,8.5,1.6,0.8,may 23,37.7,
Jacobabad,997.4,1003.6,,34.1,26.1,21.5,10.0,4.0,may 23,42.1,
,994.4,1000.7,,35.2,26.9,18.2,3.1,0.8,may 23,43.4,
Khanpur,994.4,1004.3,,31.8,24.2,23.5,49.0,3.0,may 23,39.3,
,991.1,1000.8,,32.7,23.6,19.0,4.9,1.2,may 23,41.7,
Panjgur,898.8,1473.5,,30.0,23.2,10.9,0.0,0.0,may 23,36.7,
,899.4,1476.4,,28.9,21.3,8.1,2.5,0.3,may 23,36.5,
Khuzdar,875.0,1486.5,,27.8,21.4,6.9,7.9,4.0,may 23,34.2,
,871.5,1450.3,,27.9,20.6,4.5,13.2,1.5,may 23,35.0,
Nawabshah,1000.5,1003.8,,34.0,25.3,23.4,11.0,3.0,may 23,42.7,
,998.3,1001.9,,34.1,24.5,23.9,1.5,0.4,may 23,43.7,
Jiwani,999.9,1006.3,,29.3,23.6,30.5,0.0,0.0,may 23,34.9,
,998.1,1004.4,,29.6,25.1,28.4,0.2,0.1,may 23,34.2,
Pasni,1006.0,1006.6,,30.2,24.8,32.6,0.0,0.0,may 23,35.6,
,1002.9,1003.6,,29.1,24.3,27.6,0.7,0.1,may 23,35.4,
Hyderabad,1000.1,1004.9,,33.1,25.8,24.5,13.0,1.0,may 23,40.4,
,998.6,1002.5,,33.4,26.1,24.5,4.6,0.5,may 23,41.4,
Chhor,1004.2,1004.9,,32.7,24.4,26.4,12.4,2.0,may 23,41.0,
,1001.7,1002.3,,33.2,24.6,23.5,7.2,0.5,may 23,41.8,
Karachi,1003.9,1006.5,,31.5,27.5,30.7,14.9,1.0,may 23,35.6,
,1001.8,1004.3,,30.8,26.2,28.4,0.2,0.1,may 23,35.3,
Drosh,846.1,1422.9,27.9,35.5,20.3,12.7,6.6,3.0,june 23,,
,846.7,1427.6,28.3,35.8,20.8,9.6,19.7,4.9,june 23,,
Peshawar,964.0,999.8,31.9,38.5,25.2,26.7,49.4,4.0,june 23,,
,956.5,995.4,33.0,40.2,25.4,20.0,12.1,4.0,june 23,,
Parachinar,825.5,1472.5,21.3,28.6,14.0,14.4,31.0,8.0,june 23,,
,821.8,1428.6,23.8,30.7,16.9,11.2,49.3,8.8,june 23,,
Rawalpindi,945.7,1000.8,30.1,35.7,24.4,21.0,174.0,9.0,june 23,,
,942.0,996.7,30.5,38.4,23.5,19.1,70.1,8.2,june 23,,
Sargodha,979.1,999.1,33.0,39.2,26.8,27.6,68.6,6.0,june 23,,
,977.0,995.7,34.2,41.6,26.8,22.9,33.4,6.0,june 23,,
Jhelum,973.6,999.3,31.5,37.9,25.0,27.9,190.1,9.0,june 23,,
,971.0,996.4,32.9,40.2,25.7,21.5,57.1,7.7,june 23,,
Sialkot,972.2,1000.3,30.5,36.5,24.4,27.2,199.1,9.0,june 23,,
,969.2,996.8,32.1,39.2,25.0,21.7,73.0,7.7,june 23,,
Zhob,852.3,1428.8,28.9,36.2,21.7,14.8,87.0,6.0,june 23,,
,850.0,1406.8,29.9,36.9,22.8,12.2,14.7,2.5,june 23,,
D.I.Khan,979.8,998.6,32.9,39.6,26.3,30.2,113.0,4.0,june 23,,
,976.9,995.7,33.7,41.1,26.3,23.6,22.2,3.0,june 23,,
Lahore,976.9,1000.4,31.9,37.3,26.5,26.7,291.1,10.0,june 23,,
,973.1,996.4,33.6,39.9,27.2,22.9,51.3,6.1,june 23,,
Quetta,836.4,1446.2,29.0,35.9,22.1,11.4,4.0,2.0,june 23,,
,834.3,1424.2,26.1,35.4,16.8,10.8,1.5,0.9,june 23,,
Multan,985.5,999.0,33.4,38.4,28.3,27.8,46.7,4.0,june 23,,
,982.5,995.8,35.4,42.2,28.6,23.7,15.1,2.4,june 23,,
Barkhan,883.1,1434.5,28.4,35.0,21.7,20.9,136.0,10.0,june 23,,
,881.4,1421.8,31.1,37.7,24.4,15.4,43.0,3.6,june 23,,
Nokkundi,922.3,993.8,37.0,44.8,29.1,6.1,0.0,0.0,june 23,,
,924.1,995.0,34.6,42.9,27.5,11.8,0.0,0.0,june 23,,
Dalbandin,907.4,1435.6,36.1,44.5,27.7,10.2,0.0,0.0,june 23,,
,907.0,1431.3,33.3,41.3,22.4,8.5,0.6,0.2,june 23,,
Jacobabad,992.6,998.7,36.5,43.1,29.8,30.1,22.0,1.0,june 23,,
,989.6,995.4,37.0,44.5,29.5,24.5,3.0,0.4,june 23,,
Khanpur,989.6,999.3,33.9,40.1,27.6,31.1,29.2,4.0,june 23,,
,986.2,995.9,34.8,42.7,27.0,24.9,3.4,0.8,june 23,,
Panjgur,894.6,1437.2,33.4,39.9,26.9,16.6,0.0,0.0,june 23,,
,896.5,1438.9,31.8,39.5,24.2,9.1,4.0,0.2,june 23,,
Khuzdar,870.0,1437.7,30.0,36.3,23.6,8.5,60.9,5.0,june 23,,
,866.5,1411.0,31.4,38.1,24.3,6.0,12.6,1.3,june 23,,
Nawabshah,995.5,998.8,34.7,41.3,28.1,31.8,12.0,3.0,june 23,,
,993.2,997.0,35.6,43.7,27.6,29.9,2.8,0.3,june 23,,
Jiwani,994.1,1000.4,30.4,35.3,25.4,33.0,0.0,0.0,june 23,,
,992.9,999.2,30.6,34.3,26.9,32.4,0.9,0.1,june 23,,
Pasni,999.9,1000.4,31.8,36.3,27.3,36.1,5.0,1.0,june 23,,
,998.3,999.0,30.0,35.2,26.8,32.1,0.4,0.0,june 23,,
Hyderabad,995.3,1000.1,33.5,38.9,28.1,29.7,8.6,2.0,june 23,,
,993.9,997.9,34.1,40.2,28.0,29.3,6.3,0.7,june 23,,
Chhor,999.6,1000.3,32.4,38.3,26.4,33.2,124.3,4.0,june 23,,
,997.3,997.9,33.6,40.3,26.9,29.1,18.4,1.2,june 23,,
Karachi,998.3,1000.9,32.6,36.0,29.3,33.6,4.0,1.0,june 23,,
,997.0,999.5,31.7,35.2,28.1,31.8,6.7,0.9,june 23,,
Drosh,845.7,1419.1,,29.0,22.1,17.0,16.8,6.0,july 23,35.9,
,844.3,1404.2,,30.1,23.3,14.9,22.1,5.4,july 23,36.9,
Peshawar,964.0,1000.0,,31.4,26.0,30.8,90.2,4.0,july 23,36.7,
,956.5,995.3,,32.1,26.5,27.9,46.1,6.9,july 23,37.7,
Parachinar,824.1,1458.2,,21.6,15.1,17.1,49.0,9.0,july 23,28.1,
,821.2,1424.4,,24.0,18.2,17.6,99.4,11.9,july 23,29.8,
Rawalpindi,945.8,1001.1,,28.9,24.4,26.0,408.0,13.0,july 23,33.5,
,941.9,996.9,,28.8,24.2,27.3,305.3,15.6,july 23,34.8,
Sargodha,979.1,999.3,,31.5,27.3,33.2,115.1,9.0,july 23,35.7,
,976.7,996.7,,32.5,27.2,30.3,113.6,9.5,july 23,37.9,
Jhelum,973.7,999.4,,30.2,25.7,34.0,346.4,12.0,july 23,34.6,
,971.1,996.8,,30.7,25.9,30.1,263.2,15.3,july 23,35.6,
Sialkot,972.2,1000.4,,29.3,25.2,32.4,422.4,15.0,july 23,33.3,
,969.4,997.4,,29.8,25.2,30.6,304.1,15.1,july 23,34.4,
Zhob,852.1,1426.4,,29.3,23.4,19.6,97.0,8.0,july 23,35.2,
,848.3,1395.1,,29.5,23.1,17.5,61.1,5.1,july 23,35.9,
D.I.Khan,979.8,998.7,,32.1,27.2,34.5,64.0,5.0,july 23,37.1,
,976.7,995.5,,32.5,26.6,30.6,60.5,5.9,july 23,38.4,
Lahore,976.9,1000.6,,30.2,26.4,33.1,468.0,14.0,july 23,33.9,
,973.2,996.6,,31.3,26.8,30.7,212.1,13.1,july 23,35.7,
Quetta,835.8,1439.4,,29.4,23.1,13.4,7.0,3.0,july 23,35.5,
,832.6,1408.0,,28.0,20.3,14.3,16.3,1.9,july 23,36.1,
Multan,985.1,998.7,,33.4,28.9,33.0,71.0,4.0,july 23,37.9,
,982.3,995.7,,33.8,28.7,30.4,60.3,4.4,july 23,39.0,
Barkhan,882.6,1429.1,,28.3,22.8,23.6,171.0,10.0,july 23,33.8,
,880.7,1410.9,,29.7,23.8,22.2,109.3,7.7,july 23,35.5,
Nokkundi,921.9,993.3,,36.9,30.1,7.5,0.0,0.0,july 23,43.6,
,921.5,992.2,,35.1,28.6,13.4,2.0,0.2,july 23,43.1,
Dalbandin,906.5,1425.6,,36.0,28.7,12.0,20.0,2.0,july 23,43.3,
,904.7,1397.2,,34.3,24.9,10.4,7.2,0.2,july 23,42.1,
Jacobabad,991.9,998.0,,34.6,29.0,34.8,145.0,7.0,july 23,40.3,
,989.2,995.2,,34.6,29.1,31.4,42.8,2.1,july 23,40.2,
Khanpur,988.7,998.4,,34.1,28.7,35.4,83.4,5.0,july 23,39.4,
,985.9,995.7,,33.3,27.0,29.9,25.8,2.6,july 23,39.6,
Panjgur,894.2,1430.6,,31.8,25.7,18.0,23.0,3.0,july 23,37.9,
,893.6,1419.9,,31.8,24.8,10.7,21.2,1.7,july 23,38.9,
Khuzdar,868.8,1424.0,,29.1,22.9,8.1,62.0,9.0,july 23,35.3,
,863.3,1394.2,,30.3,24.1,8.9,60.5,5.0,july 23,36.5,
Nawabshah,994.9,998.2,,33.9,28.0,34.1,120.0,7.0,july 23,39.8,
,992.6,996.3,,34.0,27.4,33.0,50.9,1.3,july 23,40.5,
Jiwani,993.9,1000.2,,29.2,24.9,31.9,5.0,1.0,july 23,33.5,
,991.9,998.2,,29.5,26.8,31.1,8.6,0.2,july 23,32.4,
Pasni,999.6,1000.1,,31.0,26.8,34.7,4.0,2.0,july 23,35.2,
,997.1,997.7,,29.2,27.2,31.0,5.0,0.5,july 23,33.3,
Hyderabad,994.7,999.5,,32.8,28.3,31.8,113.0,6.0,july 23,37.4,
,993.3,996.8,,32.5,27.7,30.2,45.5,2.0,july 23,37.3,
Chhor,998.7,999.4,,31.4,26.3,36.0,195.5,8.0,july 23,36.4,
,996.8,997.4,,31.4,26.4,31.1,79.3,3.3,july 23,36.4,
Karachi,997.9,1000.6,,31.9,28.9,34.3,40.4,6.0,july 23,34.9,
,996.2,998.9,,30.3,27.5,31.3,66.3,3.4,july 23,33.1,
Drosh,845.5,1416.3,,29.2,22.1,16.3,10.8,4.0,aug 23,36.3,
,845.9,1420.8,,29.0,23.3,15.8,20.0,4.7,aug 23,35.9,
Peshawar,963.5,999.4,,31.9,26.0,31.8,4.0,2.0,aug 23,37.2,
,958.9,997.9,,30.8,26.5,29.2,72.6,7.7,aug 23,36.0,
Parachinar,824.2,1459.0,,21.6,15.1,17.3,17.0,3.0,aug 23,28.2,
,822.4,1437.8,,23.0,18.2,18.4,97.4,12.5,aug 23,28.8,
Rawalpindi,945.3,1000.4,,29.8,24.4,27.5,214.0,12.0,aug 23,34.6,
,944.0,999.2,,27.9,24.2,28.5,348.1,16.7,aug 23,33.4,
Sargodha,978.8,998.7,,33.7,27.3,33.6,34.7,2.0,aug 23,39.1,
,978.6,999.3,,31.6,27.2,31.4,131.7,8.9,aug 23,36.5,
Jhelum,973.3,998.9,,31.6,25.7,35.0,102.7,9.0,aug 23,36.9,
,973.8,999.0,,29.9,25.9,31.1,251.6,14.8,aug 23,34.4,
Sialkot,971.9,1000.0,,30.6,25.2,33.7,166.7,7.0,aug 23,35.1,
,971.6,999.6,,29.0,25.2,31.8,323.5,14.2,aug 23,33.2,
Zhob,851.5,1420.8,,31.5,23.4,16.5,8.0,1.0,aug 23,37.9,
,850.5,1410.3,,28.9,23.1,17.7,49.7,3.7,aug 23,35.4,
D.I.Khan,979.1,997.8,,34.3,27.2,35.7,28.0,2.0,aug 23,40.2,
,979.4,997.4,,31.6,26.6,31.3,61.7,5.6,aug 23,37.3,
Lahore,976.7,1000.3,,32.2,26.4,33.0,77.6,5.0,aug 23,36.4,
,975.5,999.1,,30.7,26.8,31.5,194.5,12.7,aug 23,34.9,
Quetta,837.1,1453.5,,28.0,23.1,6.4,0.0,0.0,aug 23,35.1,
,834.3,1423.2,,26.6,20.3,12.5,13.2,1.5,aug 23,35.0,
Multan,985.3,998.8,,32.9,28.9,33.2,45.0,1.0,aug 23,37.0,
,984.6,998.3,,32.4,28.7,30.8,36.4,3.5,aug 23,37.6,
Barkhan,883.2,1436.3,,29.4,22.8,23.7,27.0,4.0,aug 23,35.8,
,882.8,1428.6,,28.9,23.8,22.2,87.7,4.8,aug 23,34.5,
Nokkundi,924.6,996.3,,35.0,30.1,5.2,0.0,0.0,aug 23,42.0,
,923.7,995.1,,33.5,28.6,11.7,0.4,0.1,aug 23,41.7,
Dalbandin,909.2,1450.5,,34.0,28.7,11.6,0.0,0.0,aug 23,42.6,
,907.0,1433.4,,32.4,24.9,9.3,0.3,0.1,aug 23,40.8,
Jacobabad,993.0,999.2,,33.0,29.0,35.7,0.0,0.0,aug 23,38.2,
,991.8,997.9,,33.0,29.1,32.2,35.4,1.3,aug 23,37.8,
Khanpur,989.6,999.4,,33.0,28.7,33.5,3.0,1.0,aug 23,38.7,
,988.3,998.2,,32.0,27.0,30.4,17.4,1.8,aug 23,38.1,
Panjgur,896.1,1449.9,,31.8,25.7,12.2,0.0,0.0,aug 23,38.7,
,895.9,1437.3,,30.7,24.8,10.1,7.4,0.5,aug 23,38.1,
Khuzdar,870.1,1437.5,,28.2,22.9,8.5,3.4,1.0,aug 23,34.8,
,868.5,1411.7,,30.4,24.1,9.0,57.4,3.4,aug 23,35.7,
Nawabshah,996.0,999.3,,33.3,28.0,32.4,0.0,0.0,aug 23,39.4,
,995.1,998.9,,32.3,27.4,31.8,46.3,1.6,aug 23,38.6,
Jiwani,996.0,1002.4,,27.6,24.9,29.9,0.0,0.0,aug 23,31.8,
,994.5,1000.8,,28.3,26.8,29.2,2.1,0.5,aug 23,31.0,
Pasni,1002.2,1002.7,,29.0,26.8,30.8,1.0,1.0,aug 23,33.3,
,1000.0,1000.8,,28.2,27.2,30.1,11.5,0.2,aug 23,32.2,
Hyderabad,996.3,1001.1,,31.1,28.3,29.0,0.0,0.0,aug 23,35.1,
,995.6,999.6,,31.3,27.7,29.1,63.1,2.4,aug 23,36.0,
Chhor,1001.0,1001.7,,29.4,26.3,32.1,0.0,0.0,aug 23,33.7,
,999.1,992.1,,30.0,26.4,30.2,69.3,3.2,aug 23,34.7,
Karachi,1000.3,1003.0,,29.2,28.9,30.6,0.0,0.0,aug 23,31.4,
,998.6,1001.2,,29.0,27.5,29.8,60.1,2.8,aug 23,31.9,
